{
  "E1_perplexity": {
    "metric": "mean_perplexity",
    "direction": "lower_better",
    "last_t": 6,
    "n1_iter0": 66.44629852685415,
    "n1_terminal": 495.2201666172059,
    "horizon_frac": 0.5,
    "threshold": 280.83323257203006,
    "metric_terminal_by_n": {
      "1": 495.2201666172059,
      "2": 308.4250943213538,
      "4": 275.0829013378048,
      "8": 245.36719562598344,
      "16": 180.5178350608729
    },
    "mvp": 4
  },
  "E1_distinct2": {
    "metric": "distinct_2",
    "direction": "higher_better",
    "last_t": 6,
    "metric_terminal_by_n": {
      "1": 0.4380214645491674,
      "2": 0.3665646005246188,
      "4": 0.34920382639142594,
      "8": 0.3421756977762831,
      "16": 0.407575911553411
    },
    "slopes_by_n": {
      "1": {
        "slope": -0.06981178073267934,
        "se": 0.010007628500261009,
        "p": 0.0022206919772636384
      },
      "2": {
        "slope": -0.07897786678073547,
        "se": 0.005900013831308873,
        "p": 0.0001801167484650119
      },
      "4": {
        "slope": -0.0743529540248642,
        "se": 0.003289630909160899,
        "p": 2.2693458995525633e-05
      },
      "8": {
        "slope": -0.07514628522034238,
        "se": 0.008494515712976854,
        "p": 0.0009014808894099459
      },
      "16": {
        "slope": -0.06045464100853142,
        "se": 0.008207627433178752,
        "p": 0.0018102384629757793
      }
    },
    "qualifying_ns": [],
    "mvp": null
  },
  "E1_meanpd": {
    "metric": "mean_pairwise_dist",
    "direction": "higher_better",
    "last_t": 6,
    "metric_terminal_by_n": {
      "1": 0.8524135053157806,
      "2": 0.8700394630432129,
      "4": 0.8718722462654114,
      "8": 0.867896318435669,
      "16": 0.8822374641895294
    },
    "slopes_by_n": {
      "1": {
        "slope": -0.011894281421388899,
        "se": 0.00388715464728627,
        "p": 0.037662391318056175
      },
      "2": {
        "slope": -0.012859440701348441,
        "se": 0.0020115618019562608,
        "p": 0.0030737933355206933
      },
      "4": {
        "slope": -0.015356553452355521,
        "se": 0.00212917746518975,
        "p": 0.0019593797034224082
      },
      "8": {
        "slope": -0.01662498882838658,
        "se": 0.001910809918633544,
        "p": 0.000960869171839012
      },
      "16": {
        "slope": -0.014629536867141725,
        "se": 0.0015363210009231123,
        "p": 0.0006790208129595776
      }
    },
    "qualifying_ns": [],
    "mvp": null
  },
  "E1_hsd": {
    "metric": "hsd",
    "direction": "higher_better",
    "last_t": 6,
    "metric_terminal_by_n": {
      "1": 15.543363895634759,
      "2": 25.135441556826553,
      "4": 43.855101757774854,
      "8": 63.89206941654387,
      "16": 76.4534735084365
    },
    "slopes_by_n": {
      "1": {
        "slope": -1.3278395678891686,
        "se": 0.5302640126908429,
        "p": 0.06647400456133272
      },
      "2": {
        "slope": -3.4331506098290165,
        "se": 0.5293063741298539,
        "p": 0.0029129997481211973
      },
      "4": {
        "slope": -5.9287259381543755,
        "se": 0.3124411783945038,
        "p": 4.543393706325627e-05
      },
      "8": {
        "slope": -9.083555963283647,
        "se": 1.204209790985389,
        "p": 0.001654591945758519
      },
      "16": {
        "slope": -7.670762012374111,
        "se": 0.7991734629641056,
        "p": 0.0006585224671423833
      }
    },
    "qualifying_ns": [
      1
    ],
    "mvp": 1
  },
  "E2_model_family_hsd": {
    "metric": "hsd",
    "direction": "higher_better",
    "last_t": 12,
    "metric_terminal_by_n": {
      "1": 1.0,
      "2": 1.9898789730161148,
      "3": 2.628017694544568
    },
    "slopes_by_n": {
      "1": {
        "slope": 0.0,
        "se": NaN,
        "p": NaN
      },
      "2": {
        "slope": -0.00036243330470347497,
        "se": 0.00041876019122888284,
        "p": 0.40705358351922044
      },
      "3": {
        "slope": -0.01013579698576124,
        "se": 0.007660690073480109,
        "p": 0.2152593519958051
      },
      "4": {
        "slope": -0.01702783965405198,
        "se": 0.00992318654149211,
        "p": 0.12450511673934127
      }
    },
    "qualifying_ns": [
      1,
      2,
      3
    ],
    "mvp": 1
  },
  "E2_model_family_meanpd": {
    "metric": "mean_pairwise_dist",
    "direction": "higher_better",
    "last_t": 12,
    "metric_terminal_by_n": {
      "1": 0.0,
      "2": 0.8996085723241171,
      "3": 0.7411938707033793
    },
    "slopes_by_n": {
      "1": {
        "slope": 0.0,
        "se": NaN,
        "p": NaN
      },
      "2": {
        "slope": -0.0015817944542233493,
        "se": 0.001961261626318214,
        "p": 0.4387035965710677
      },
      "3": {
        "slope": -0.004253330416890572,
        "se": 0.0024011995191392855,
        "p": 0.10692050584935679
      },
      "4": {
        "slope": -0.004180094087966768,
        "se": 0.002102833879185412,
        "p": 0.08204713182441803
      }
    },
    "qualifying_ns": [
      2,
      3
    ],
    "mvp": 2
  }
}